name,father_name,address,phone
Taimur Raza,Sohail Manzoor,Pindora,3471664582
Abdullah Cheema,Sohail Manzoor,Pindora,3471664582
Taimur Raza,Sohail Manzoor,Pindora,3471664582
Abdullah Cheema,Sohail Manzoor,Pindora,3471664582
Taimur Raza,Sohail Manzoor,Pindora,3471664582
Abdullah Cheema,Sohail Manzoor,Pindora,3471664582
Taimur Raza,Sohail Manzoor,Pindora,3471664582
Abdullah Cheema,Sohail Manzoor,Pindora,3471664582
Taimur Raza,Sohail Manzoor,Pindora,3471664582
Abdullah Cheema,Sohail Manzoor,Pindora,3471664582
Taimur Raza,Sohail Manzoor,Pindora,3471664582
Abdullah Cheema,Sohail Manzoor,Pindora,3471664582
